title,company
[Sr.Manager] Employee Relation,딜리버리히어로 코리아,서울
운동지도 오후파트 선생님 - 커브스중계은행클럽,커브스 중계은행클럽,서울
"1등 편의점 CU, 1등 기사님 찾습니다",서연로지스,광주 광주시
[고객서비스] 고객센터 상담 기획 및 운영 담당자,한국카카오은행,서울 용산구
[대기업] 조립기 설비 개발,에이치알 컨설팅,대한민국
[카카오CIC] 기업용 협업 서비스 플랫폼 Backend Engineer,카카오,성남 판교역
한화첨단소재 인사지원팀 총무 계약직 채용,한화첨단소재,세종 부강면
서울 계약직 인재모집,현대커머셜,서울 여의도
sns 채널 마케터 신입사원,큐플레이스,서울 마포구
영업사원(비닐제품 제조업),이룸산업,안성 삼죽면
[상여100프로] 대기업 1차밴더 중장비 부품 가공 및 조립 사원,태경지앤에스,전라남도
[통번역회사 파이오컴] 중국어 프리랜서 통역사,파이오컴,서울 강남구
인공지능(AI) 전문기업 솔트룩스 - 영업직 (IT기술영업),솔트룩스,서울 강남구
국내 제약사 일반 서무 직원,잡앤피플,서울특별시
외국계은행 IT개발자채용,외국계 은행,서울 중구
지점 고객지원업무직(강릉) 신입/경력 계약직,신한금융투자,강원도 강릉
여성복디자이너,안타스포츠코리아,서울 강남구
[결산/출납/경리] 사무직 직원,우모디자인,경기도 김포
3.5톤윙바디 의정부 양주 남양주 구리 동두천지입차 모집,창일물류,서울 중구
운용역 신입/경력,유레카자산운용,대한민국
3.5톤 윙바디 소유자 모집,창일물류,서울 중구
(동원산업)물류본부 성남냉장센타 서무직 채용,동원그룹,서울 양재동
경광주/미사/하남시/시흥시/고양시/부천시/일산/CU 편의점 납품기사,대기업원청계약법인제이에이치로지스,광주 광주시
[외국계] 대기업 총무/리셉션,잡앤피플,서울특별시
"경리_여 사무원 ( 토요일 3시퇴근/공휴일,일요일 휴무)",현대자동차블루핸즈 청전점,충청북도 제천
[태건 자산관리] 임대관리/ 시설관리 신입 및 경력직원,태건자산관리,서울 강남구
[카카오CIC] AI서비스 iOS 개발자,카카오페이지,성남 판교역
"글로벌마케팅(대리~과장,경력4~10년) - 유명상장유통서비스대기업",타겟컨설팅,서울
"모바일 App ""안외워도외워지는영단어"" 마케팅 담당자",비카르마,서울 서초동
"IT 유지보수(전화/네트워크 공사, 네트워크 장비 설치 등) 경력자",줌네트웍스,경상북도 구미
지입차주 구합니다,개인,창원 의창구
MongoDB Engineer,카카오,성남 판교역
월300/기본/인센 / 부동산재테크상담 매니저 채용,경기도시개발산업,서울 역삼동
화장품 상품 기획 MD 대리급,바이커리어,서울
"[인터랙션플랫폼(댓글, 투표, 공감)] 웹 서비스 개발자",카카오,성남 판교역
미디어 서비스 개발자,카카오모빌리티,성남 판교역
[대기업/잠실]뷰티 AMD 사원,잡앤피플,서울특별시
[경력] 빅데이터 플랫폼 엔지니어,카카오,성남 판교역
국내 외식대기업 단체급식 점장,국내 외식대기업,대한민국
Manufacturing [플랜트운영] 품질관리,현대자동차,울산
[카카오CIC] AI 서비스 Android 개발자,카카오,성남 판교역
데이터분석 직원(연금사업부),KEB하나은행(구.하나은행),대한민국
금호지구 카카오스크린골프 평일 및 주말 파트직원,카카오스크린골프,광주광역시
심사부 경력직,신한금융투자,대한민국
리서치센터 경력직,신한금융투자,대한민국
홍보마케팅팀 / 퍼포먼스마케터 (팀장급),와그트래블,서울 마포구
교육 프로그램 기획/운영 담당,스마일게이트 홀딩스,성남 분당구
신규 서비스 플랫폼 구축 분야 모집 (서비스기획),11번가,서울 중구
(경력) 모바일 앱 행동분석 솔루션 B2B 영업사원,유저해빗,서울 서초구
"Associate, Client Service",Guidepoint Global,서울
[대기업] 조립기 설비 개발,에이치알 컨설팅,대한민국
[카카오CIC] 기업용 협업 서비스 플랫폼 Backend Engineer,카카오,성남 판교역
한화첨단소재 인사지원팀 총무 계약직 채용,한화첨단소재,세종 부강면
서울 계약직 인재모집,현대커머셜,서울 여의도
sns 채널 마케터 신입사원,큐플레이스,서울 마포구
영업사원(비닐제품 제조업),이룸산업,안성 삼죽면
[상여100프로] 대기업 1차밴더 중장비 부품 가공 및 조립 사원,태경지앤에스,전라남도
[통번역회사 파이오컴] 중국어 프리랜서 통역사,파이오컴,서울 강남구
인공지능(AI) 전문기업 솔트룩스 - 영업직 (IT기술영업),솔트룩스,서울 강남구
국내 제약사 일반 서무 직원,잡앤피플,서울특별시
외국계은행 IT개발자채용,외국계 은행,서울 중구
지점 고객지원업무직(강릉) 신입/경력 계약직,신한금융투자,강원도 강릉
여성복디자이너,안타스포츠코리아,서울 강남구
[결산/출납/경리] 사무직 직원,우모디자인,경기도 김포
3.5톤윙바디 의정부 양주 남양주 구리 동두천지입차 모집,창일물류,서울 중구
운용역 신입/경력,유레카자산운용,대한민국
3.5톤 윙바디 소유자 모집,창일물류,서울 중구
(동원산업)물류본부 성남냉장센타 서무직 채용,동원그룹,서울 양재동
경광주/미사/하남시/시흥시/고양시/부천시/일산/CU 편의점 납품기사,대기업원청계약법인제이에이치로지스,광주 광주시
[외국계] 대기업 총무/리셉션,잡앤피플,서울특별시
"경리_여 사무원 ( 토요일 3시퇴근/공휴일,일요일 휴무)",현대자동차블루핸즈 청전점,충청북도 제천
[태건 자산관리] 임대관리/ 시설관리 신입 및 경력직원,태건자산관리,서울 강남구
[카카오CIC] AI서비스 iOS 개발자,카카오페이지,성남 판교역
"글로벌마케팅(대리~과장,경력4~10년) - 유명상장유통서비스대기업",타겟컨설팅,서울
"모바일 App ""안외워도외워지는영단어"" 마케팅 담당자",비카르마,서울 서초동
"IT 유지보수(전화/네트워크 공사, 네트워크 장비 설치 등) 경력자",줌네트웍스,경상북도 구미
지입차주 구합니다,개인,창원 의창구
MongoDB Engineer,카카오,성남 판교역
월300/기본/인센 / 부동산재테크상담 매니저 채용,경기도시개발산업,서울 역삼동
화장품 상품 기획 MD 대리급,바이커리어,서울
"[인터랙션플랫폼(댓글, 투표, 공감)] 웹 서비스 개발자",카카오,성남 판교역
미디어 서비스 개발자,카카오모빌리티,성남 판교역
[대기업/잠실]뷰티 AMD 사원,잡앤피플,서울특별시
[경력] 빅데이터 플랫폼 엔지니어,카카오,성남 판교역
국내 외식대기업 단체급식 점장,국내 외식대기업,대한민국
Manufacturing [플랜트운영] 품질관리,현대자동차,울산
[카카오CIC] AI 서비스 Android 개발자,카카오,성남 판교역
데이터분석 직원(연금사업부),KEB하나은행(구.하나은행),대한민국
금호지구 카카오스크린골프 평일 및 주말 파트직원,카카오스크린골프,광주광역시
심사부 경력직,신한금융투자,대한민국
리서치센터 경력직,신한금융투자,대한민국
홍보마케팅팀 / 퍼포먼스마케터 (팀장급),와그트래블,서울 마포구
교육 프로그램 기획/운영 담당,스마일게이트 홀딩스,성남 분당구
신규 서비스 플랫폼 구축 분야 모집 (서비스기획),11번가,서울 중구
(경력) 모바일 앱 행동분석 솔루션 B2B 영업사원,유저해빗,서울 서초구
"Associate, Client Service",Guidepoint Global,서울
[배달대행]바로고 시흥은행허브 라이더,바로고 배달대행 시흥은행허브(B278,경기도 시흥
주말엔 쉬자-주5일.은행 안내직.초보가능.청원경찰-국민은행 청담동지점,국민은행/자비스inc,서울 강남구
임상약리학과 연구코디네이터 채용공고,인하대학교의과대학부속병원,인천 중구
가천대길병원 조리사 채용 공고 (계약직),의료법인길의료재단,인천 남동구
[Sr.Manager] Employee Relation,딜리버리히어로 코리아,서울
운동지도 오후파트 선생님 - 커브스중계은행클럽,커브스 중계은행클럽,서울
"1등 편의점 CU, 1등 기사님 찾습니다",서연로지스,광주 광주시
[고객서비스] 고객센터 상담 기획 및 운영 담당자,한국카카오은행,서울 용산구
[대기업] 조립기 설비 개발,에이치알 컨설팅,대한민국
[카카오CIC] 기업용 협업 서비스 플랫폼 Backend Engineer,카카오,성남 판교역
한화첨단소재 인사지원팀 총무 계약직 채용,한화첨단소재,세종 부강면
서울 계약직 인재모집,현대커머셜,서울 여의도
sns 채널 마케터 신입사원,큐플레이스,서울 마포구
영업사원(비닐제품 제조업),이룸산업,안성 삼죽면
[상여100프로] 대기업 1차밴더 중장비 부품 가공 및 조립 사원,태경지앤에스,전라남도
[통번역회사 파이오컴] 중국어 프리랜서 통역사,파이오컴,서울 강남구
인공지능(AI) 전문기업 솔트룩스 - 영업직 (IT기술영업),솔트룩스,서울 강남구
국내 제약사 일반 서무 직원,잡앤피플,서울특별시
외국계은행 IT개발자채용,외국계 은행,서울 중구
지점 고객지원업무직(강릉) 신입/경력 계약직,신한금융투자,강원도 강릉
여성복디자이너,안타스포츠코리아,서울 강남구
[결산/출납/경리] 사무직 직원,우모디자인,경기도 김포
3.5톤윙바디 의정부 양주 남양주 구리 동두천지입차 모집,창일물류,서울 중구
운용역 신입/경력,유레카자산운용,대한민국
3.5톤 윙바디 소유자 모집,창일물류,서울 중구
(동원산업)물류본부 성남냉장센타 서무직 채용,동원그룹,서울 양재동
경광주/미사/하남시/시흥시/고양시/부천시/일산/CU 편의점 납품기사,대기업원청계약법인제이에이치로지스,광주 광주시
[외국계] 대기업 총무/리셉션,잡앤피플,서울특별시
"경리_여 사무원 ( 토요일 3시퇴근/공휴일,일요일 휴무)",현대자동차블루핸즈 청전점,충청북도 제천
[태건 자산관리] 임대관리/ 시설관리 신입 및 경력직원,태건자산관리,서울 강남구
[카카오CIC] AI서비스 iOS 개발자,카카오페이지,성남 판교역
"글로벌마케팅(대리~과장,경력4~10년) - 유명상장유통서비스대기업",타겟컨설팅,서울
"모바일 App ""안외워도외워지는영단어"" 마케팅 담당자",비카르마,서울 서초동
"IT 유지보수(전화/네트워크 공사, 네트워크 장비 설치 등) 경력자",줌네트웍스,경상북도 구미
지입차주 구합니다,개인,창원 의창구
MongoDB Engineer,카카오,성남 판교역
월300/기본/인센 / 부동산재테크상담 매니저 채용,경기도시개발산업,서울 역삼동
화장품 상품 기획 MD 대리급,바이커리어,서울
"[인터랙션플랫폼(댓글, 투표, 공감)] 웹 서비스 개발자",카카오,성남 판교역
미디어 서비스 개발자,카카오모빌리티,성남 판교역
[대기업/잠실]뷰티 AMD 사원,잡앤피플,서울특별시
[경력] 빅데이터 플랫폼 엔지니어,카카오,성남 판교역
국내 외식대기업 단체급식 점장,국내 외식대기업,대한민국
Manufacturing [플랜트운영] 품질관리,현대자동차,울산
[카카오CIC] AI 서비스 Android 개발자,카카오,성남 판교역
데이터분석 직원(연금사업부),KEB하나은행(구.하나은행),대한민국
금호지구 카카오스크린골프 평일 및 주말 파트직원,카카오스크린골프,광주광역시
심사부 경력직,신한금융투자,대한민국
리서치센터 경력직,신한금융투자,대한민국
홍보마케팅팀 / 퍼포먼스마케터 (팀장급),와그트래블,서울 마포구
교육 프로그램 기획/운영 담당,스마일게이트 홀딩스,성남 분당구
신규 서비스 플랫폼 구축 분야 모집 (서비스기획),11번가,서울 중구
(경력) 모바일 앱 행동분석 솔루션 B2B 영업사원,유저해빗,서울 서초구
"Associate, Client Service",Guidepoint Global,서울
[Sr.Manager] Employee Relation,딜리버리히어로 코리아,서울
운동지도 오후파트 선생님 - 커브스중계은행클럽,커브스 중계은행클럽,서울
"1등 편의점 CU, 1등 기사님 찾습니다",서연로지스,광주 광주시
[고객서비스] 고객센터 상담 기획 및 운영 담당자,한국카카오은행,서울 용산구
[대기업] 조립기 설비 개발,에이치알 컨설팅,대한민국
[카카오CIC] 기업용 협업 서비스 플랫폼 Backend Engineer,카카오,성남 판교역
한화첨단소재 인사지원팀 총무 계약직 채용,한화첨단소재,세종 부강면
서울 계약직 인재모집,현대커머셜,서울 여의도
sns 채널 마케터 신입사원,큐플레이스,서울 마포구
영업사원(비닐제품 제조업),이룸산업,안성 삼죽면
[상여100프로] 대기업 1차밴더 중장비 부품 가공 및 조립 사원,태경지앤에스,전라남도
[통번역회사 파이오컴] 중국어 프리랜서 통역사,파이오컴,서울 강남구
인공지능(AI) 전문기업 솔트룩스 - 영업직 (IT기술영업),솔트룩스,서울 강남구
국내 제약사 일반 서무 직원,잡앤피플,서울특별시
외국계은행 IT개발자채용,외국계 은행,서울 중구
지점 고객지원업무직(강릉) 신입/경력 계약직,신한금융투자,강원도 강릉
여성복디자이너,안타스포츠코리아,서울 강남구
[결산/출납/경리] 사무직 직원,우모디자인,경기도 김포
3.5톤윙바디 의정부 양주 남양주 구리 동두천지입차 모집,창일물류,서울 중구
운용역 신입/경력,유레카자산운용,대한민국
3.5톤 윙바디 소유자 모집,창일물류,서울 중구
(동원산업)물류본부 성남냉장센타 서무직 채용,동원그룹,서울 양재동
경광주/미사/하남시/시흥시/고양시/부천시/일산/CU 편의점 납품기사,대기업원청계약법인제이에이치로지스,광주 광주시
[외국계] 대기업 총무/리셉션,잡앤피플,서울특별시
"경리_여 사무원 ( 토요일 3시퇴근/공휴일,일요일 휴무)",현대자동차블루핸즈 청전점,충청북도 제천
[태건 자산관리] 임대관리/ 시설관리 신입 및 경력직원,태건자산관리,서울 강남구
[카카오CIC] AI서비스 iOS 개발자,카카오페이지,성남 판교역
"글로벌마케팅(대리~과장,경력4~10년) - 유명상장유통서비스대기업",타겟컨설팅,서울
"모바일 App ""안외워도외워지는영단어"" 마케팅 담당자",비카르마,서울 서초동
"IT 유지보수(전화/네트워크 공사, 네트워크 장비 설치 등) 경력자",줌네트웍스,경상북도 구미
지입차주 구합니다,개인,창원 의창구
MongoDB Engineer,카카오,성남 판교역
월300/기본/인센 / 부동산재테크상담 매니저 채용,경기도시개발산업,서울 역삼동
화장품 상품 기획 MD 대리급,바이커리어,서울
"[인터랙션플랫폼(댓글, 투표, 공감)] 웹 서비스 개발자",카카오,성남 판교역
미디어 서비스 개발자,카카오모빌리티,성남 판교역
[대기업/잠실]뷰티 AMD 사원,잡앤피플,서울특별시
[경력] 빅데이터 플랫폼 엔지니어,카카오,성남 판교역
국내 외식대기업 단체급식 점장,국내 외식대기업,대한민국
Manufacturing [플랜트운영] 품질관리,현대자동차,울산
[카카오CIC] AI 서비스 Android 개발자,카카오,성남 판교역
데이터분석 직원(연금사업부),KEB하나은행(구.하나은행),대한민국
금호지구 카카오스크린골프 평일 및 주말 파트직원,카카오스크린골프,광주광역시
심사부 경력직,신한금융투자,대한민국
리서치센터 경력직,신한금융투자,대한민국
홍보마케팅팀 / 퍼포먼스마케터 (팀장급),와그트래블,서울 마포구
교육 프로그램 기획/운영 담당,스마일게이트 홀딩스,성남 분당구
신규 서비스 플랫폼 구축 분야 모집 (서비스기획),11번가,서울 중구
(경력) 모바일 앱 행동분석 솔루션 B2B 영업사원,유저해빗,서울 서초구
"Associate, Client Service",Guidepoint Global,서울
[대기업] 조립기 설비 개발,에이치알 컨설팅,대한민국
[카카오CIC] 기업용 협업 서비스 플랫폼 Backend Engineer,카카오,성남 판교역
한화첨단소재 인사지원팀 총무 계약직 채용,한화첨단소재,세종 부강면
서울 계약직 인재모집,현대커머셜,서울 여의도
sns 채널 마케터 신입사원,큐플레이스,서울 마포구
영업사원(비닐제품 제조업),이룸산업,안성 삼죽면
[상여100프로] 대기업 1차밴더 중장비 부품 가공 및 조립 사원,태경지앤에스,전라남도
[통번역회사 파이오컴] 중국어 프리랜서 통역사,파이오컴,서울 강남구
인공지능(AI) 전문기업 솔트룩스 - 영업직 (IT기술영업),솔트룩스,서울 강남구
국내 제약사 일반 서무 직원,잡앤피플,서울특별시
외국계은행 IT개발자채용,외국계 은행,서울 중구
지점 고객지원업무직(강릉) 신입/경력 계약직,신한금융투자,강원도 강릉
여성복디자이너,안타스포츠코리아,서울 강남구
[결산/출납/경리] 사무직 직원,우모디자인,경기도 김포
3.5톤윙바디 의정부 양주 남양주 구리 동두천지입차 모집,창일물류,서울 중구
운용역 신입/경력,유레카자산운용,대한민국
3.5톤 윙바디 소유자 모집,창일물류,서울 중구
(동원산업)물류본부 성남냉장센타 서무직 채용,동원그룹,서울 양재동
경광주/미사/하남시/시흥시/고양시/부천시/일산/CU 편의점 납품기사,대기업원청계약법인제이에이치로지스,광주 광주시
[외국계] 대기업 총무/리셉션,잡앤피플,서울특별시
"경리_여 사무원 ( 토요일 3시퇴근/공휴일,일요일 휴무)",현대자동차블루핸즈 청전점,충청북도 제천
[태건 자산관리] 임대관리/ 시설관리 신입 및 경력직원,태건자산관리,서울 강남구
[카카오CIC] AI서비스 iOS 개발자,카카오페이지,성남 판교역
"글로벌마케팅(대리~과장,경력4~10년) - 유명상장유통서비스대기업",타겟컨설팅,서울
"모바일 App ""안외워도외워지는영단어"" 마케팅 담당자",비카르마,서울 서초동
"IT 유지보수(전화/네트워크 공사, 네트워크 장비 설치 등) 경력자",줌네트웍스,경상북도 구미
지입차주 구합니다,개인,창원 의창구
MongoDB Engineer,카카오,성남 판교역
월300/기본/인센 / 부동산재테크상담 매니저 채용,경기도시개발산업,서울 역삼동
화장품 상품 기획 MD 대리급,바이커리어,서울
"[인터랙션플랫폼(댓글, 투표, 공감)] 웹 서비스 개발자",카카오,성남 판교역
미디어 서비스 개발자,카카오모빌리티,성남 판교역
[대기업/잠실]뷰티 AMD 사원,잡앤피플,서울특별시
[경력] 빅데이터 플랫폼 엔지니어,카카오,성남 판교역
국내 외식대기업 단체급식 점장,국내 외식대기업,대한민국
Manufacturing [플랜트운영] 품질관리,현대자동차,울산
[카카오CIC] AI 서비스 Android 개발자,카카오,성남 판교역
데이터분석 직원(연금사업부),KEB하나은행(구.하나은행),대한민국
금호지구 카카오스크린골프 평일 및 주말 파트직원,카카오스크린골프,광주광역시
심사부 경력직,신한금융투자,대한민국
리서치센터 경력직,신한금융투자,대한민국
홍보마케팅팀 / 퍼포먼스마케터 (팀장급),와그트래블,서울 마포구
교육 프로그램 기획/운영 담당,스마일게이트 홀딩스,성남 분당구
신규 서비스 플랫폼 구축 분야 모집 (서비스기획),11번가,서울 중구
(경력) 모바일 앱 행동분석 솔루션 B2B 영업사원,유저해빗,서울 서초구
"Associate, Client Service",Guidepoint Global,서울
[배달대행]바로고 시흥은행허브 라이더,바로고 배달대행 시흥은행허브(B278,경기도 시흥
주말엔 쉬자-주5일.은행 안내직.초보가능.청원경찰-국민은행 청담동지점,국민은행/자비스inc,서울 강남구
임상약리학과 연구코디네이터 채용공고,인하대학교의과대학부속병원,인천 중구
가천대길병원 조리사 채용 공고 (계약직),의료법인길의료재단,인천 남동구
[대기업] 조립기 설비 개발,에이치알 컨설팅,대한민국
[카카오CIC] 기업용 협업 서비스 플랫폼 Backend Engineer,카카오,성남 판교역
한화첨단소재 인사지원팀 총무 계약직 채용,한화첨단소재,세종 부강면
서울 계약직 인재모집,현대커머셜,서울 여의도
sns 채널 마케터 신입사원,큐플레이스,서울 마포구
영업사원(비닐제품 제조업),이룸산업,안성 삼죽면
[상여100프로] 대기업 1차밴더 중장비 부품 가공 및 조립 사원,태경지앤에스,전라남도
[통번역회사 파이오컴] 중국어 프리랜서 통역사,파이오컴,서울 강남구
인공지능(AI) 전문기업 솔트룩스 - 영업직 (IT기술영업),솔트룩스,서울 강남구
국내 제약사 일반 서무 직원,잡앤피플,서울특별시
외국계은행 IT개발자채용,외국계 은행,서울 중구
지점 고객지원업무직(강릉) 신입/경력 계약직,신한금융투자,강원도 강릉
여성복디자이너,안타스포츠코리아,서울 강남구
[결산/출납/경리] 사무직 직원,우모디자인,경기도 김포
3.5톤윙바디 의정부 양주 남양주 구리 동두천지입차 모집,창일물류,서울 중구
운용역 신입/경력,유레카자산운용,대한민국
3.5톤 윙바디 소유자 모집,창일물류,서울 중구
(동원산업)물류본부 성남냉장센타 서무직 채용,동원그룹,서울 양재동
경광주/미사/하남시/시흥시/고양시/부천시/일산/CU 편의점 납품기사,대기업원청계약법인제이에이치로지스,광주 광주시
[외국계] 대기업 총무/리셉션,잡앤피플,서울특별시
"경리_여 사무원 ( 토요일 3시퇴근/공휴일,일요일 휴무)",현대자동차블루핸즈 청전점,충청북도 제천
[태건 자산관리] 임대관리/ 시설관리 신입 및 경력직원,태건자산관리,서울 강남구
[카카오CIC] AI서비스 iOS 개발자,카카오페이지,성남 판교역
"글로벌마케팅(대리~과장,경력4~10년) - 유명상장유통서비스대기업",타겟컨설팅,서울
"모바일 App ""안외워도외워지는영단어"" 마케팅 담당자",비카르마,서울 서초동
"IT 유지보수(전화/네트워크 공사, 네트워크 장비 설치 등) 경력자",줌네트웍스,경상북도 구미
지입차주 구합니다,개인,창원 의창구
MongoDB Engineer,카카오,성남 판교역
월300/기본/인센 / 부동산재테크상담 매니저 채용,경기도시개발산업,서울 역삼동
화장품 상품 기획 MD 대리급,바이커리어,서울
"[인터랙션플랫폼(댓글, 투표, 공감)] 웹 서비스 개발자",카카오,성남 판교역
미디어 서비스 개발자,카카오모빌리티,성남 판교역
[대기업/잠실]뷰티 AMD 사원,잡앤피플,서울특별시
[경력] 빅데이터 플랫폼 엔지니어,카카오,성남 판교역
국내 외식대기업 단체급식 점장,국내 외식대기업,대한민국
Manufacturing [플랜트운영] 품질관리,현대자동차,울산
[카카오CIC] AI 서비스 Android 개발자,카카오,성남 판교역
데이터분석 직원(연금사업부),KEB하나은행(구.하나은행),대한민국
금호지구 카카오스크린골프 평일 및 주말 파트직원,카카오스크린골프,광주광역시
심사부 경력직,신한금융투자,대한민국
리서치센터 경력직,신한금융투자,대한민국
홍보마케팅팀 / 퍼포먼스마케터 (팀장급),와그트래블,서울 마포구
교육 프로그램 기획/운영 담당,스마일게이트 홀딩스,성남 분당구
신규 서비스 플랫폼 구축 분야 모집 (서비스기획),11번가,서울 중구
(경력) 모바일 앱 행동분석 솔루션 B2B 영업사원,유저해빗,서울 서초구
"Associate, Client Service",Guidepoint Global,서울
[배달대행]바로고 시흥은행허브 라이더,바로고 배달대행 시흥은행허브(B278,경기도 시흥
주말엔 쉬자-주5일.은행 안내직.초보가능.청원경찰-국민은행 청담동지점,국민은행/자비스inc,서울 강남구
임상약리학과 연구코디네이터 채용공고,인하대학교의과대학부속병원,인천 중구
가천대길병원 조리사 채용 공고 (계약직),의료법인길의료재단,인천 남동구
[대기업] 조립기 설비 개발,에이치알 컨설팅,대한민국
[카카오CIC] 기업용 협업 서비스 플랫폼 Backend Engineer,카카오,성남 판교역
한화첨단소재 인사지원팀 총무 계약직 채용,한화첨단소재,세종 부강면
서울 계약직 인재모집,현대커머셜,서울 여의도
sns 채널 마케터 신입사원,큐플레이스,서울 마포구
영업사원(비닐제품 제조업),이룸산업,안성 삼죽면
[상여100프로] 대기업 1차밴더 중장비 부품 가공 및 조립 사원,태경지앤에스,전라남도
[통번역회사 파이오컴] 중국어 프리랜서 통역사,파이오컴,서울 강남구
인공지능(AI) 전문기업 솔트룩스 - 영업직 (IT기술영업),솔트룩스,서울 강남구
국내 제약사 일반 서무 직원,잡앤피플,서울특별시
외국계은행 IT개발자채용,외국계 은행,서울 중구
지점 고객지원업무직(강릉) 신입/경력 계약직,신한금융투자,강원도 강릉
여성복디자이너,안타스포츠코리아,서울 강남구
[결산/출납/경리] 사무직 직원,우모디자인,경기도 김포
3.5톤윙바디 의정부 양주 남양주 구리 동두천지입차 모집,창일물류,서울 중구
운용역 신입/경력,유레카자산운용,대한민국
3.5톤 윙바디 소유자 모집,창일물류,서울 중구
(동원산업)물류본부 성남냉장센타 서무직 채용,동원그룹,서울 양재동
경광주/미사/하남시/시흥시/고양시/부천시/일산/CU 편의점 납품기사,대기업원청계약법인제이에이치로지스,광주 광주시
[외국계] 대기업 총무/리셉션,잡앤피플,서울특별시
"경리_여 사무원 ( 토요일 3시퇴근/공휴일,일요일 휴무)",현대자동차블루핸즈 청전점,충청북도 제천
[태건 자산관리] 임대관리/ 시설관리 신입 및 경력직원,태건자산관리,서울 강남구
[카카오CIC] AI서비스 iOS 개발자,카카오페이지,성남 판교역
"글로벌마케팅(대리~과장,경력4~10년) - 유명상장유통서비스대기업",타겟컨설팅,서울
"모바일 App ""안외워도외워지는영단어"" 마케팅 담당자",비카르마,서울 서초동
"IT 유지보수(전화/네트워크 공사, 네트워크 장비 설치 등) 경력자",줌네트웍스,경상북도 구미
지입차주 구합니다,개인,창원 의창구
MongoDB Engineer,카카오,성남 판교역
월300/기본/인센 / 부동산재테크상담 매니저 채용,경기도시개발산업,서울 역삼동
화장품 상품 기획 MD 대리급,바이커리어,서울
"[인터랙션플랫폼(댓글, 투표, 공감)] 웹 서비스 개발자",카카오,성남 판교역
미디어 서비스 개발자,카카오모빌리티,성남 판교역
[대기업/잠실]뷰티 AMD 사원,잡앤피플,서울특별시
[경력] 빅데이터 플랫폼 엔지니어,카카오,성남 판교역
국내 외식대기업 단체급식 점장,국내 외식대기업,대한민국
Manufacturing [플랜트운영] 품질관리,현대자동차,울산
[카카오CIC] AI 서비스 Android 개발자,카카오,성남 판교역
데이터분석 직원(연금사업부),KEB하나은행(구.하나은행),대한민국
금호지구 카카오스크린골프 평일 및 주말 파트직원,카카오스크린골프,광주광역시
심사부 경력직,신한금융투자,대한민국
리서치센터 경력직,신한금융투자,대한민국
홍보마케팅팀 / 퍼포먼스마케터 (팀장급),와그트래블,서울 마포구
교육 프로그램 기획/운영 담당,스마일게이트 홀딩스,성남 분당구
신규 서비스 플랫폼 구축 분야 모집 (서비스기획),11번가,서울 중구
(경력) 모바일 앱 행동분석 솔루션 B2B 영업사원,유저해빗,서울 서초구
"Associate, Client Service",Guidepoint Global,서울
[배달대행]바로고 시흥은행허브 라이더,바로고 배달대행 시흥은행허브(B278,경기도 시흥
주말엔 쉬자-주5일.은행 안내직.초보가능.청원경찰-국민은행 청담동지점,국민은행/자비스inc,서울 강남구
임상약리학과 연구코디네이터 채용공고,인하대학교의과대학부속병원,인천 중구
가천대길병원 조리사 채용 공고 (계약직),의료법인길의료재단,인천 남동구
[대기업] 조립기 설비 개발,에이치알 컨설팅,대한민국
[카카오CIC] 기업용 협업 서비스 플랫폼 Backend Engineer,카카오,성남 판교역
한화첨단소재 인사지원팀 총무 계약직 채용,한화첨단소재,세종 부강면
서울 계약직 인재모집,현대커머셜,서울 여의도
sns 채널 마케터 신입사원,큐플레이스,서울 마포구
영업사원(비닐제품 제조업),이룸산업,안성 삼죽면
[상여100프로] 대기업 1차밴더 중장비 부품 가공 및 조립 사원,태경지앤에스,전라남도
[통번역회사 파이오컴] 중국어 프리랜서 통역사,파이오컴,서울 강남구
인공지능(AI) 전문기업 솔트룩스 - 영업직 (IT기술영업),솔트룩스,서울 강남구
국내 제약사 일반 서무 직원,잡앤피플,서울특별시
외국계은행 IT개발자채용,외국계 은행,서울 중구
지점 고객지원업무직(강릉) 신입/경력 계약직,신한금융투자,강원도 강릉
여성복디자이너,안타스포츠코리아,서울 강남구
[결산/출납/경리] 사무직 직원,우모디자인,경기도 김포
3.5톤윙바디 의정부 양주 남양주 구리 동두천지입차 모집,창일물류,서울 중구
운용역 신입/경력,유레카자산운용,대한민국
3.5톤 윙바디 소유자 모집,창일물류,서울 중구
(동원산업)물류본부 성남냉장센타 서무직 채용,동원그룹,서울 양재동
경광주/미사/하남시/시흥시/고양시/부천시/일산/CU 편의점 납품기사,대기업원청계약법인제이에이치로지스,광주 광주시
[외국계] 대기업 총무/리셉션,잡앤피플,서울특별시
"경리_여 사무원 ( 토요일 3시퇴근/공휴일,일요일 휴무)",현대자동차블루핸즈 청전점,충청북도 제천
[태건 자산관리] 임대관리/ 시설관리 신입 및 경력직원,태건자산관리,서울 강남구
[카카오CIC] AI서비스 iOS 개발자,카카오페이지,성남 판교역
"글로벌마케팅(대리~과장,경력4~10년) - 유명상장유통서비스대기업",타겟컨설팅,서울
"모바일 App ""안외워도외워지는영단어"" 마케팅 담당자",비카르마,서울 서초동
"IT 유지보수(전화/네트워크 공사, 네트워크 장비 설치 등) 경력자",줌네트웍스,경상북도 구미
지입차주 구합니다,개인,창원 의창구
MongoDB Engineer,카카오,성남 판교역
월300/기본/인센 / 부동산재테크상담 매니저 채용,경기도시개발산업,서울 역삼동
화장품 상품 기획 MD 대리급,바이커리어,서울
"[인터랙션플랫폼(댓글, 투표, 공감)] 웹 서비스 개발자",카카오,성남 판교역
미디어 서비스 개발자,카카오모빌리티,성남 판교역
[대기업/잠실]뷰티 AMD 사원,잡앤피플,서울특별시
[경력] 빅데이터 플랫폼 엔지니어,카카오,성남 판교역
국내 외식대기업 단체급식 점장,국내 외식대기업,대한민국
Manufacturing [플랜트운영] 품질관리,현대자동차,울산
[카카오CIC] AI 서비스 Android 개발자,카카오,성남 판교역
데이터분석 직원(연금사업부),KEB하나은행(구.하나은행),대한민국
금호지구 카카오스크린골프 평일 및 주말 파트직원,카카오스크린골프,광주광역시
심사부 경력직,신한금융투자,대한민국
리서치센터 경력직,신한금융투자,대한민국
홍보마케팅팀 / 퍼포먼스마케터 (팀장급),와그트래블,서울 마포구
교육 프로그램 기획/운영 담당,스마일게이트 홀딩스,성남 분당구
신규 서비스 플랫폼 구축 분야 모집 (서비스기획),11번가,서울 중구
(경력) 모바일 앱 행동분석 솔루션 B2B 영업사원,유저해빗,서울 서초구
"Associate, Client Service",Guidepoint Global,서울
[배달대행]바로고 시흥은행허브 라이더,바로고 배달대행 시흥은행허브(B278,경기도 시흥
주말엔 쉬자-주5일.은행 안내직.초보가능.청원경찰-국민은행 청담동지점,국민은행/자비스inc,서울 강남구
임상약리학과 연구코디네이터 채용공고,인하대학교의과대학부속병원,인천 중구
가천대길병원 조리사 채용 공고 (계약직),의료법인길의료재단,인천 남동구
[Sr.Manager] Employee Relation,딜리버리히어로 코리아,서울
운동지도 오후파트 선생님 - 커브스중계은행클럽,커브스 중계은행클럽,서울
"1등 편의점 CU, 1등 기사님 찾습니다",서연로지스,광주 광주시
[고객서비스] 고객센터 상담 기획 및 운영 담당자,한국카카오은행,서울 용산구
[대기업] 조립기 설비 개발,에이치알 컨설팅,대한민국
[카카오CIC] 기업용 협업 서비스 플랫폼 Backend Engineer,카카오,성남 판교역
한화첨단소재 인사지원팀 총무 계약직 채용,한화첨단소재,세종 부강면
서울 계약직 인재모집,현대커머셜,서울 여의도
sns 채널 마케터 신입사원,큐플레이스,서울 마포구
영업사원(비닐제품 제조업),이룸산업,안성 삼죽면
[상여100프로] 대기업 1차밴더 중장비 부품 가공 및 조립 사원,태경지앤에스,전라남도
[통번역회사 파이오컴] 중국어 프리랜서 통역사,파이오컴,서울 강남구
인공지능(AI) 전문기업 솔트룩스 - 영업직 (IT기술영업),솔트룩스,서울 강남구
국내 제약사 일반 서무 직원,잡앤피플,서울특별시
외국계은행 IT개발자채용,외국계 은행,서울 중구
지점 고객지원업무직(강릉) 신입/경력 계약직,신한금융투자,강원도 강릉
여성복디자이너,안타스포츠코리아,서울 강남구
[결산/출납/경리] 사무직 직원,우모디자인,경기도 김포
3.5톤윙바디 의정부 양주 남양주 구리 동두천지입차 모집,창일물류,서울 중구
운용역 신입/경력,유레카자산운용,대한민국
3.5톤 윙바디 소유자 모집,창일물류,서울 중구
(동원산업)물류본부 성남냉장센타 서무직 채용,동원그룹,서울 양재동
경광주/미사/하남시/시흥시/고양시/부천시/일산/CU 편의점 납품기사,대기업원청계약법인제이에이치로지스,광주 광주시
[외국계] 대기업 총무/리셉션,잡앤피플,서울특별시
"경리_여 사무원 ( 토요일 3시퇴근/공휴일,일요일 휴무)",현대자동차블루핸즈 청전점,충청북도 제천
[태건 자산관리] 임대관리/ 시설관리 신입 및 경력직원,태건자산관리,서울 강남구
[카카오CIC] AI서비스 iOS 개발자,카카오페이지,성남 판교역
"글로벌마케팅(대리~과장,경력4~10년) - 유명상장유통서비스대기업",타겟컨설팅,서울
"모바일 App ""안외워도외워지는영단어"" 마케팅 담당자",비카르마,서울 서초동
"IT 유지보수(전화/네트워크 공사, 네트워크 장비 설치 등) 경력자",줌네트웍스,경상북도 구미
지입차주 구합니다,개인,창원 의창구
MongoDB Engineer,카카오,성남 판교역
월300/기본/인센 / 부동산재테크상담 매니저 채용,경기도시개발산업,서울 역삼동
화장품 상품 기획 MD 대리급,바이커리어,서울
"[인터랙션플랫폼(댓글, 투표, 공감)] 웹 서비스 개발자",카카오,성남 판교역
미디어 서비스 개발자,카카오모빌리티,성남 판교역
[대기업/잠실]뷰티 AMD 사원,잡앤피플,서울특별시
[경력] 빅데이터 플랫폼 엔지니어,카카오,성남 판교역
국내 외식대기업 단체급식 점장,국내 외식대기업,대한민국
Manufacturing [플랜트운영] 품질관리,현대자동차,울산
[카카오CIC] AI 서비스 Android 개발자,카카오,성남 판교역
데이터분석 직원(연금사업부),KEB하나은행(구.하나은행),대한민국
금호지구 카카오스크린골프 평일 및 주말 파트직원,카카오스크린골프,광주광역시
심사부 경력직,신한금융투자,대한민국
리서치센터 경력직,신한금융투자,대한민국
홍보마케팅팀 / 퍼포먼스마케터 (팀장급),와그트래블,서울 마포구
교육 프로그램 기획/운영 담당,스마일게이트 홀딩스,성남 분당구
신규 서비스 플랫폼 구축 분야 모집 (서비스기획),11번가,서울 중구
(경력) 모바일 앱 행동분석 솔루션 B2B 영업사원,유저해빗,서울 서초구
"Associate, Client Service",Guidepoint Global,서울
[대기업] 조립기 설비 개발,에이치알 컨설팅,대한민국
[카카오CIC] 기업용 협업 서비스 플랫폼 Backend Engineer,카카오,성남 판교역
한화첨단소재 인사지원팀 총무 계약직 채용,한화첨단소재,세종 부강면
서울 계약직 인재모집,현대커머셜,서울 여의도
sns 채널 마케터 신입사원,큐플레이스,서울 마포구
영업사원(비닐제품 제조업),이룸산업,안성 삼죽면
[상여100프로] 대기업 1차밴더 중장비 부품 가공 및 조립 사원,태경지앤에스,전라남도
[통번역회사 파이오컴] 중국어 프리랜서 통역사,파이오컴,서울 강남구
인공지능(AI) 전문기업 솔트룩스 - 영업직 (IT기술영업),솔트룩스,서울 강남구
국내 제약사 일반 서무 직원,잡앤피플,서울특별시
외국계은행 IT개발자채용,외국계 은행,서울 중구
지점 고객지원업무직(강릉) 신입/경력 계약직,신한금융투자,강원도 강릉
여성복디자이너,안타스포츠코리아,서울 강남구
[결산/출납/경리] 사무직 직원,우모디자인,경기도 김포
3.5톤윙바디 의정부 양주 남양주 구리 동두천지입차 모집,창일물류,서울 중구
운용역 신입/경력,유레카자산운용,대한민국
3.5톤 윙바디 소유자 모집,창일물류,서울 중구
(동원산업)물류본부 성남냉장센타 서무직 채용,동원그룹,서울 양재동
경광주/미사/하남시/시흥시/고양시/부천시/일산/CU 편의점 납품기사,대기업원청계약법인제이에이치로지스,광주 광주시
[외국계] 대기업 총무/리셉션,잡앤피플,서울특별시
"경리_여 사무원 ( 토요일 3시퇴근/공휴일,일요일 휴무)",현대자동차블루핸즈 청전점,충청북도 제천
[태건 자산관리] 임대관리/ 시설관리 신입 및 경력직원,태건자산관리,서울 강남구
[카카오CIC] AI서비스 iOS 개발자,카카오페이지,성남 판교역
"글로벌마케팅(대리~과장,경력4~10년) - 유명상장유통서비스대기업",타겟컨설팅,서울
"모바일 App ""안외워도외워지는영단어"" 마케팅 담당자",비카르마,서울 서초동
"IT 유지보수(전화/네트워크 공사, 네트워크 장비 설치 등) 경력자",줌네트웍스,경상북도 구미
지입차주 구합니다,개인,창원 의창구
MongoDB Engineer,카카오,성남 판교역
월300/기본/인센 / 부동산재테크상담 매니저 채용,경기도시개발산업,서울 역삼동
화장품 상품 기획 MD 대리급,바이커리어,서울
"[인터랙션플랫폼(댓글, 투표, 공감)] 웹 서비스 개발자",카카오,성남 판교역
미디어 서비스 개발자,카카오모빌리티,성남 판교역
[대기업/잠실]뷰티 AMD 사원,잡앤피플,서울특별시
[경력] 빅데이터 플랫폼 엔지니어,카카오,성남 판교역
국내 외식대기업 단체급식 점장,국내 외식대기업,대한민국
Manufacturing [플랜트운영] 품질관리,현대자동차,울산
[카카오CIC] AI 서비스 Android 개발자,카카오,성남 판교역
데이터분석 직원(연금사업부),KEB하나은행(구.하나은행),대한민국
금호지구 카카오스크린골프 평일 및 주말 파트직원,카카오스크린골프,광주광역시
심사부 경력직,신한금융투자,대한민국
리서치센터 경력직,신한금융투자,대한민국
홍보마케팅팀 / 퍼포먼스마케터 (팀장급),와그트래블,서울 마포구
교육 프로그램 기획/운영 담당,스마일게이트 홀딩스,성남 분당구
신규 서비스 플랫폼 구축 분야 모집 (서비스기획),11번가,서울 중구
(경력) 모바일 앱 행동분석 솔루션 B2B 영업사원,유저해빗,서울 서초구
"Associate, Client Service",Guidepoint Global,서울
[배달대행]바로고 시흥은행허브 라이더,바로고 배달대행 시흥은행허브(B278,경기도 시흥
주말엔 쉬자-주5일.은행 안내직.초보가능.청원경찰-국민은행 청담동지점,국민은행/자비스inc,서울 강남구
임상약리학과 연구코디네이터 채용공고,인하대학교의과대학부속병원,인천 중구
가천대길병원 조리사 채용 공고 (계약직),의료법인길의료재단,인천 남동구
[대기업] 조립기 설비 개발,에이치알 컨설팅,대한민국
[카카오CIC] 기업용 협업 서비스 플랫폼 Backend Engineer,카카오,성남 판교역
한화첨단소재 인사지원팀 총무 계약직 채용,한화첨단소재,세종 부강면
서울 계약직 인재모집,현대커머셜,서울 여의도
sns 채널 마케터 신입사원,큐플레이스,서울 마포구
영업사원(비닐제품 제조업),이룸산업,안성 삼죽면
[상여100프로] 대기업 1차밴더 중장비 부품 가공 및 조립 사원,태경지앤에스,전라남도
[통번역회사 파이오컴] 중국어 프리랜서 통역사,파이오컴,서울 강남구
인공지능(AI) 전문기업 솔트룩스 - 영업직 (IT기술영업),솔트룩스,서울 강남구
국내 제약사 일반 서무 직원,잡앤피플,서울특별시
외국계은행 IT개발자채용,외국계 은행,서울 중구
지점 고객지원업무직(강릉) 신입/경력 계약직,신한금융투자,강원도 강릉
여성복디자이너,안타스포츠코리아,서울 강남구
[결산/출납/경리] 사무직 직원,우모디자인,경기도 김포
3.5톤윙바디 의정부 양주 남양주 구리 동두천지입차 모집,창일물류,서울 중구
운용역 신입/경력,유레카자산운용,대한민국
3.5톤 윙바디 소유자 모집,창일물류,서울 중구
(동원산업)물류본부 성남냉장센타 서무직 채용,동원그룹,서울 양재동
경광주/미사/하남시/시흥시/고양시/부천시/일산/CU 편의점 납품기사,대기업원청계약법인제이에이치로지스,광주 광주시
[외국계] 대기업 총무/리셉션,잡앤피플,서울특별시
"경리_여 사무원 ( 토요일 3시퇴근/공휴일,일요일 휴무)",현대자동차블루핸즈 청전점,충청북도 제천
[태건 자산관리] 임대관리/ 시설관리 신입 및 경력직원,태건자산관리,서울 강남구
[카카오CIC] AI서비스 iOS 개발자,카카오페이지,성남 판교역
"글로벌마케팅(대리~과장,경력4~10년) - 유명상장유통서비스대기업",타겟컨설팅,서울
"모바일 App ""안외워도외워지는영단어"" 마케팅 담당자",비카르마,서울 서초동
"IT 유지보수(전화/네트워크 공사, 네트워크 장비 설치 등) 경력자",줌네트웍스,경상북도 구미
지입차주 구합니다,개인,창원 의창구
MongoDB Engineer,카카오,성남 판교역
월300/기본/인센 / 부동산재테크상담 매니저 채용,경기도시개발산업,서울 역삼동
화장품 상품 기획 MD 대리급,바이커리어,서울
"[인터랙션플랫폼(댓글, 투표, 공감)] 웹 서비스 개발자",카카오,성남 판교역
미디어 서비스 개발자,카카오모빌리티,성남 판교역
[대기업/잠실]뷰티 AMD 사원,잡앤피플,서울특별시
[경력] 빅데이터 플랫폼 엔지니어,카카오,성남 판교역
국내 외식대기업 단체급식 점장,국내 외식대기업,대한민국
Manufacturing [플랜트운영] 품질관리,현대자동차,울산
[카카오CIC] AI 서비스 Android 개발자,카카오,성남 판교역
데이터분석 직원(연금사업부),KEB하나은행(구.하나은행),대한민국
금호지구 카카오스크린골프 평일 및 주말 파트직원,카카오스크린골프,광주광역시
심사부 경력직,신한금융투자,대한민국
리서치센터 경력직,신한금융투자,대한민국
홍보마케팅팀 / 퍼포먼스마케터 (팀장급),와그트래블,서울 마포구
교육 프로그램 기획/운영 담당,스마일게이트 홀딩스,성남 분당구
신규 서비스 플랫폼 구축 분야 모집 (서비스기획),11번가,서울 중구
(경력) 모바일 앱 행동분석 솔루션 B2B 영업사원,유저해빗,서울 서초구
"Associate, Client Service",Guidepoint Global,서울
[배달대행]바로고 시흥은행허브 라이더,바로고 배달대행 시흥은행허브(B278,경기도 시흥
주말엔 쉬자-주5일.은행 안내직.초보가능.청원경찰-국민은행 청담동지점,국민은행/자비스inc,서울 강남구
임상약리학과 연구코디네이터 채용공고,인하대학교의과대학부속병원,인천 중구
가천대길병원 조리사 채용 공고 (계약직),의료법인길의료재단,인천 남동구
[대기업] 조립기 설비 개발,에이치알 컨설팅,대한민국
[카카오CIC] 기업용 협업 서비스 플랫폼 Backend Engineer,카카오,성남 판교역
한화첨단소재 인사지원팀 총무 계약직 채용,한화첨단소재,세종 부강면
서울 계약직 인재모집,현대커머셜,서울 여의도
sns 채널 마케터 신입사원,큐플레이스,서울 마포구
영업사원(비닐제품 제조업),이룸산업,안성 삼죽면
[상여100프로] 대기업 1차밴더 중장비 부품 가공 및 조립 사원,태경지앤에스,전라남도
[통번역회사 파이오컴] 중국어 프리랜서 통역사,파이오컴,서울 강남구
인공지능(AI) 전문기업 솔트룩스 - 영업직 (IT기술영업),솔트룩스,서울 강남구
국내 제약사 일반 서무 직원,잡앤피플,서울특별시
외국계은행 IT개발자채용,외국계 은행,서울 중구
지점 고객지원업무직(강릉) 신입/경력 계약직,신한금융투자,강원도 강릉
여성복디자이너,안타스포츠코리아,서울 강남구
[결산/출납/경리] 사무직 직원,우모디자인,경기도 김포
3.5톤윙바디 의정부 양주 남양주 구리 동두천지입차 모집,창일물류,서울 중구
운용역 신입/경력,유레카자산운용,대한민국
3.5톤 윙바디 소유자 모집,창일물류,서울 중구
(동원산업)물류본부 성남냉장센타 서무직 채용,동원그룹,서울 양재동
경광주/미사/하남시/시흥시/고양시/부천시/일산/CU 편의점 납품기사,대기업원청계약법인제이에이치로지스,광주 광주시
[외국계] 대기업 총무/리셉션,잡앤피플,서울특별시
"경리_여 사무원 ( 토요일 3시퇴근/공휴일,일요일 휴무)",현대자동차블루핸즈 청전점,충청북도 제천
[태건 자산관리] 임대관리/ 시설관리 신입 및 경력직원,태건자산관리,서울 강남구
[카카오CIC] AI서비스 iOS 개발자,카카오페이지,성남 판교역
"글로벌마케팅(대리~과장,경력4~10년) - 유명상장유통서비스대기업",타겟컨설팅,서울
"모바일 App ""안외워도외워지는영단어"" 마케팅 담당자",비카르마,서울 서초동
"IT 유지보수(전화/네트워크 공사, 네트워크 장비 설치 등) 경력자",줌네트웍스,경상북도 구미
지입차주 구합니다,개인,창원 의창구
MongoDB Engineer,카카오,성남 판교역
월300/기본/인센 / 부동산재테크상담 매니저 채용,경기도시개발산업,서울 역삼동
화장품 상품 기획 MD 대리급,바이커리어,서울
"[인터랙션플랫폼(댓글, 투표, 공감)] 웹 서비스 개발자",카카오,성남 판교역
미디어 서비스 개발자,카카오모빌리티,성남 판교역
[대기업/잠실]뷰티 AMD 사원,잡앤피플,서울특별시
[경력] 빅데이터 플랫폼 엔지니어,카카오,성남 판교역
국내 외식대기업 단체급식 점장,국내 외식대기업,대한민국
Manufacturing [플랜트운영] 품질관리,현대자동차,울산
[카카오CIC] AI 서비스 Android 개발자,카카오,성남 판교역
데이터분석 직원(연금사업부),KEB하나은행(구.하나은행),대한민국
금호지구 카카오스크린골프 평일 및 주말 파트직원,카카오스크린골프,광주광역시
심사부 경력직,신한금융투자,대한민국
리서치센터 경력직,신한금융투자,대한민국
홍보마케팅팀 / 퍼포먼스마케터 (팀장급),와그트래블,서울 마포구
교육 프로그램 기획/운영 담당,스마일게이트 홀딩스,성남 분당구
신규 서비스 플랫폼 구축 분야 모집 (서비스기획),11번가,서울 중구
(경력) 모바일 앱 행동분석 솔루션 B2B 영업사원,유저해빗,서울 서초구
"Associate, Client Service",Guidepoint Global,서울
[배달대행]바로고 시흥은행허브 라이더,바로고 배달대행 시흥은행허브(B278,경기도 시흥
주말엔 쉬자-주5일.은행 안내직.초보가능.청원경찰-국민은행 청담동지점,국민은행/자비스inc,서울 강남구
임상약리학과 연구코디네이터 채용공고,인하대학교의과대학부속병원,인천 중구
가천대길병원 조리사 채용 공고 (계약직),의료법인길의료재단,인천 남동구
[대기업] 조립기 설비 개발,에이치알 컨설팅,대한민국
[카카오CIC] 기업용 협업 서비스 플랫폼 Backend Engineer,카카오,성남 판교역
한화첨단소재 인사지원팀 총무 계약직 채용,한화첨단소재,세종 부강면
서울 계약직 인재모집,현대커머셜,서울 여의도
sns 채널 마케터 신입사원,큐플레이스,서울 마포구
영업사원(비닐제품 제조업),이룸산업,안성 삼죽면
[상여100프로] 대기업 1차밴더 중장비 부품 가공 및 조립 사원,태경지앤에스,전라남도
[통번역회사 파이오컴] 중국어 프리랜서 통역사,파이오컴,서울 강남구
인공지능(AI) 전문기업 솔트룩스 - 영업직 (IT기술영업),솔트룩스,서울 강남구
국내 제약사 일반 서무 직원,잡앤피플,서울특별시
외국계은행 IT개발자채용,외국계 은행,서울 중구
지점 고객지원업무직(강릉) 신입/경력 계약직,신한금융투자,강원도 강릉
여성복디자이너,안타스포츠코리아,서울 강남구
[결산/출납/경리] 사무직 직원,우모디자인,경기도 김포
3.5톤윙바디 의정부 양주 남양주 구리 동두천지입차 모집,창일물류,서울 중구
운용역 신입/경력,유레카자산운용,대한민국
3.5톤 윙바디 소유자 모집,창일물류,서울 중구
(동원산업)물류본부 성남냉장센타 서무직 채용,동원그룹,서울 양재동
경광주/미사/하남시/시흥시/고양시/부천시/일산/CU 편의점 납품기사,대기업원청계약법인제이에이치로지스,광주 광주시
[외국계] 대기업 총무/리셉션,잡앤피플,서울특별시
"경리_여 사무원 ( 토요일 3시퇴근/공휴일,일요일 휴무)",현대자동차블루핸즈 청전점,충청북도 제천
[태건 자산관리] 임대관리/ 시설관리 신입 및 경력직원,태건자산관리,서울 강남구
[카카오CIC] AI서비스 iOS 개발자,카카오페이지,성남 판교역
"글로벌마케팅(대리~과장,경력4~10년) - 유명상장유통서비스대기업",타겟컨설팅,서울
"모바일 App ""안외워도외워지는영단어"" 마케팅 담당자",비카르마,서울 서초동
"IT 유지보수(전화/네트워크 공사, 네트워크 장비 설치 등) 경력자",줌네트웍스,경상북도 구미
지입차주 구합니다,개인,창원 의창구
MongoDB Engineer,카카오,성남 판교역
월300/기본/인센 / 부동산재테크상담 매니저 채용,경기도시개발산업,서울 역삼동
화장품 상품 기획 MD 대리급,바이커리어,서울
"[인터랙션플랫폼(댓글, 투표, 공감)] 웹 서비스 개발자",카카오,성남 판교역
미디어 서비스 개발자,카카오모빌리티,성남 판교역
[대기업/잠실]뷰티 AMD 사원,잡앤피플,서울특별시
[경력] 빅데이터 플랫폼 엔지니어,카카오,성남 판교역
국내 외식대기업 단체급식 점장,국내 외식대기업,대한민국
Manufacturing [플랜트운영] 품질관리,현대자동차,울산
[카카오CIC] AI 서비스 Android 개발자,카카오,성남 판교역
데이터분석 직원(연금사업부),KEB하나은행(구.하나은행),대한민국
금호지구 카카오스크린골프 평일 및 주말 파트직원,카카오스크린골프,광주광역시
심사부 경력직,신한금융투자,대한민국
리서치센터 경력직,신한금융투자,대한민국
홍보마케팅팀 / 퍼포먼스마케터 (팀장급),와그트래블,서울 마포구
교육 프로그램 기획/운영 담당,스마일게이트 홀딩스,성남 분당구
신규 서비스 플랫폼 구축 분야 모집 (서비스기획),11번가,서울 중구
(경력) 모바일 앱 행동분석 솔루션 B2B 영업사원,유저해빗,서울 서초구
"Associate, Client Service",Guidepoint Global,서울
[배달대행]바로고 시흥은행허브 라이더,바로고 배달대행 시흥은행허브(B278,경기도 시흥
주말엔 쉬자-주5일.은행 안내직.초보가능.청원경찰-국민은행 청담동지점,국민은행/자비스inc,서울 강남구
임상약리학과 연구코디네이터 채용공고,인하대학교의과대학부속병원,인천 중구
가천대길병원 조리사 채용 공고 (계약직),의료법인길의료재단,인천 남동구
[Sr.Manager] Employee Relation,딜리버리히어로 코리아,서울
운동지도 오후파트 선생님 - 커브스중계은행클럽,커브스 중계은행클럽,서울
"1등 편의점 CU, 1등 기사님 찾습니다",서연로지스,광주 광주시
[고객서비스] 고객센터 상담 기획 및 운영 담당자,한국카카오은행,서울 용산구
[대기업] 조립기 설비 개발,에이치알 컨설팅,대한민국
[카카오CIC] 기업용 협업 서비스 플랫폼 Backend Engineer,카카오,성남 판교역
한화첨단소재 인사지원팀 총무 계약직 채용,한화첨단소재,세종 부강면
서울 계약직 인재모집,현대커머셜,서울 여의도
sns 채널 마케터 신입사원,큐플레이스,서울 마포구
영업사원(비닐제품 제조업),이룸산업,안성 삼죽면
[상여100프로] 대기업 1차밴더 중장비 부품 가공 및 조립 사원,태경지앤에스,전라남도
[통번역회사 파이오컴] 중국어 프리랜서 통역사,파이오컴,서울 강남구
인공지능(AI) 전문기업 솔트룩스 - 영업직 (IT기술영업),솔트룩스,서울 강남구
국내 제약사 일반 서무 직원,잡앤피플,서울특별시
외국계은행 IT개발자채용,외국계 은행,서울 중구
지점 고객지원업무직(강릉) 신입/경력 계약직,신한금융투자,강원도 강릉
여성복디자이너,안타스포츠코리아,서울 강남구
[결산/출납/경리] 사무직 직원,우모디자인,경기도 김포
3.5톤윙바디 의정부 양주 남양주 구리 동두천지입차 모집,창일물류,서울 중구
운용역 신입/경력,유레카자산운용,대한민국
3.5톤 윙바디 소유자 모집,창일물류,서울 중구
(동원산업)물류본부 성남냉장센타 서무직 채용,동원그룹,서울 양재동
경광주/미사/하남시/시흥시/고양시/부천시/일산/CU 편의점 납품기사,대기업원청계약법인제이에이치로지스,광주 광주시
[외국계] 대기업 총무/리셉션,잡앤피플,서울특별시
"경리_여 사무원 ( 토요일 3시퇴근/공휴일,일요일 휴무)",현대자동차블루핸즈 청전점,충청북도 제천
[태건 자산관리] 임대관리/ 시설관리 신입 및 경력직원,태건자산관리,서울 강남구
[카카오CIC] AI서비스 iOS 개발자,카카오페이지,성남 판교역
"글로벌마케팅(대리~과장,경력4~10년) - 유명상장유통서비스대기업",타겟컨설팅,서울
"모바일 App ""안외워도외워지는영단어"" 마케팅 담당자",비카르마,서울 서초동
"IT 유지보수(전화/네트워크 공사, 네트워크 장비 설치 등) 경력자",줌네트웍스,경상북도 구미
지입차주 구합니다,개인,창원 의창구
MongoDB Engineer,카카오,성남 판교역
월300/기본/인센 / 부동산재테크상담 매니저 채용,경기도시개발산업,서울 역삼동
화장품 상품 기획 MD 대리급,바이커리어,서울
"[인터랙션플랫폼(댓글, 투표, 공감)] 웹 서비스 개발자",카카오,성남 판교역
미디어 서비스 개발자,카카오모빌리티,성남 판교역
[대기업/잠실]뷰티 AMD 사원,잡앤피플,서울특별시
[경력] 빅데이터 플랫폼 엔지니어,카카오,성남 판교역
국내 외식대기업 단체급식 점장,국내 외식대기업,대한민국
Manufacturing [플랜트운영] 품질관리,현대자동차,울산
[카카오CIC] AI 서비스 Android 개발자,카카오,성남 판교역
데이터분석 직원(연금사업부),KEB하나은행(구.하나은행),대한민국
금호지구 카카오스크린골프 평일 및 주말 파트직원,카카오스크린골프,광주광역시
심사부 경력직,신한금융투자,대한민국
리서치센터 경력직,신한금융투자,대한민국
홍보마케팅팀 / 퍼포먼스마케터 (팀장급),와그트래블,서울 마포구
교육 프로그램 기획/운영 담당,스마일게이트 홀딩스,성남 분당구
신규 서비스 플랫폼 구축 분야 모집 (서비스기획),11번가,서울 중구
(경력) 모바일 앱 행동분석 솔루션 B2B 영업사원,유저해빗,서울 서초구
"Associate, Client Service",Guidepoint Global,서울
[대기업] 조립기 설비 개발,에이치알 컨설팅,대한민국
[카카오CIC] 기업용 협업 서비스 플랫폼 Backend Engineer,카카오,성남 판교역
한화첨단소재 인사지원팀 총무 계약직 채용,한화첨단소재,세종 부강면
서울 계약직 인재모집,현대커머셜,서울 여의도
sns 채널 마케터 신입사원,큐플레이스,서울 마포구
영업사원(비닐제품 제조업),이룸산업,안성 삼죽면
[상여100프로] 대기업 1차밴더 중장비 부품 가공 및 조립 사원,태경지앤에스,전라남도
[통번역회사 파이오컴] 중국어 프리랜서 통역사,파이오컴,서울 강남구
인공지능(AI) 전문기업 솔트룩스 - 영업직 (IT기술영업),솔트룩스,서울 강남구
국내 제약사 일반 서무 직원,잡앤피플,서울특별시
외국계은행 IT개발자채용,외국계 은행,서울 중구
지점 고객지원업무직(강릉) 신입/경력 계약직,신한금융투자,강원도 강릉
여성복디자이너,안타스포츠코리아,서울 강남구
[결산/출납/경리] 사무직 직원,우모디자인,경기도 김포
3.5톤윙바디 의정부 양주 남양주 구리 동두천지입차 모집,창일물류,서울 중구
운용역 신입/경력,유레카자산운용,대한민국
3.5톤 윙바디 소유자 모집,창일물류,서울 중구
(동원산업)물류본부 성남냉장센타 서무직 채용,동원그룹,서울 양재동
경광주/미사/하남시/시흥시/고양시/부천시/일산/CU 편의점 납품기사,대기업원청계약법인제이에이치로지스,광주 광주시
[외국계] 대기업 총무/리셉션,잡앤피플,서울특별시
"경리_여 사무원 ( 토요일 3시퇴근/공휴일,일요일 휴무)",현대자동차블루핸즈 청전점,충청북도 제천
[태건 자산관리] 임대관리/ 시설관리 신입 및 경력직원,태건자산관리,서울 강남구
[카카오CIC] AI서비스 iOS 개발자,카카오페이지,성남 판교역
"글로벌마케팅(대리~과장,경력4~10년) - 유명상장유통서비스대기업",타겟컨설팅,서울
"모바일 App ""안외워도외워지는영단어"" 마케팅 담당자",비카르마,서울 서초동
"IT 유지보수(전화/네트워크 공사, 네트워크 장비 설치 등) 경력자",줌네트웍스,경상북도 구미
지입차주 구합니다,개인,창원 의창구
MongoDB Engineer,카카오,성남 판교역
월300/기본/인센 / 부동산재테크상담 매니저 채용,경기도시개발산업,서울 역삼동
화장품 상품 기획 MD 대리급,바이커리어,서울
"[인터랙션플랫폼(댓글, 투표, 공감)] 웹 서비스 개발자",카카오,성남 판교역
미디어 서비스 개발자,카카오모빌리티,성남 판교역
[대기업/잠실]뷰티 AMD 사원,잡앤피플,서울특별시
[경력] 빅데이터 플랫폼 엔지니어,카카오,성남 판교역
국내 외식대기업 단체급식 점장,국내 외식대기업,대한민국
Manufacturing [플랜트운영] 품질관리,현대자동차,울산
[카카오CIC] AI 서비스 Android 개발자,카카오,성남 판교역
데이터분석 직원(연금사업부),KEB하나은행(구.하나은행),대한민국
금호지구 카카오스크린골프 평일 및 주말 파트직원,카카오스크린골프,광주광역시
심사부 경력직,신한금융투자,대한민국
리서치센터 경력직,신한금융투자,대한민국
홍보마케팅팀 / 퍼포먼스마케터 (팀장급),와그트래블,서울 마포구
교육 프로그램 기획/운영 담당,스마일게이트 홀딩스,성남 분당구
신규 서비스 플랫폼 구축 분야 모집 (서비스기획),11번가,서울 중구
(경력) 모바일 앱 행동분석 솔루션 B2B 영업사원,유저해빗,서울 서초구
"Associate, Client Service",Guidepoint Global,서울
[배달대행]바로고 시흥은행허브 라이더,바로고 배달대행 시흥은행허브(B278,경기도 시흥
주말엔 쉬자-주5일.은행 안내직.초보가능.청원경찰-국민은행 청담동지점,국민은행/자비스inc,서울 강남구
임상약리학과 연구코디네이터 채용공고,인하대학교의과대학부속병원,인천 중구
가천대길병원 조리사 채용 공고 (계약직),의료법인길의료재단,인천 남동구
[Sr.Manager] Employee Relation,딜리버리히어로 코리아,서울
운동지도 오후파트 선생님 - 커브스중계은행클럽,커브스 중계은행클럽,서울
"1등 편의점 CU, 1등 기사님 찾습니다",서연로지스,광주 광주시
[고객서비스] 고객센터 상담 기획 및 운영 담당자,한국카카오은행,서울 용산구
[대기업] 조립기 설비 개발,에이치알 컨설팅,대한민국
[카카오CIC] 기업용 협업 서비스 플랫폼 Backend Engineer,카카오,성남 판교역
한화첨단소재 인사지원팀 총무 계약직 채용,한화첨단소재,세종 부강면
서울 계약직 인재모집,현대커머셜,서울 여의도
sns 채널 마케터 신입사원,큐플레이스,서울 마포구
영업사원(비닐제품 제조업),이룸산업,안성 삼죽면
[상여100프로] 대기업 1차밴더 중장비 부품 가공 및 조립 사원,태경지앤에스,전라남도
[통번역회사 파이오컴] 중국어 프리랜서 통역사,파이오컴,서울 강남구
인공지능(AI) 전문기업 솔트룩스 - 영업직 (IT기술영업),솔트룩스,서울 강남구
국내 제약사 일반 서무 직원,잡앤피플,서울특별시
외국계은행 IT개발자채용,외국계 은행,서울 중구
지점 고객지원업무직(강릉) 신입/경력 계약직,신한금융투자,강원도 강릉
여성복디자이너,안타스포츠코리아,서울 강남구
[결산/출납/경리] 사무직 직원,우모디자인,경기도 김포
3.5톤윙바디 의정부 양주 남양주 구리 동두천지입차 모집,창일물류,서울 중구
운용역 신입/경력,유레카자산운용,대한민국
3.5톤 윙바디 소유자 모집,창일물류,서울 중구
(동원산업)물류본부 성남냉장센타 서무직 채용,동원그룹,서울 양재동
경광주/미사/하남시/시흥시/고양시/부천시/일산/CU 편의점 납품기사,대기업원청계약법인제이에이치로지스,광주 광주시
[외국계] 대기업 총무/리셉션,잡앤피플,서울특별시
"경리_여 사무원 ( 토요일 3시퇴근/공휴일,일요일 휴무)",현대자동차블루핸즈 청전점,충청북도 제천
[태건 자산관리] 임대관리/ 시설관리 신입 및 경력직원,태건자산관리,서울 강남구
[카카오CIC] AI서비스 iOS 개발자,카카오페이지,성남 판교역
"글로벌마케팅(대리~과장,경력4~10년) - 유명상장유통서비스대기업",타겟컨설팅,서울
"모바일 App ""안외워도외워지는영단어"" 마케팅 담당자",비카르마,서울 서초동
"IT 유지보수(전화/네트워크 공사, 네트워크 장비 설치 등) 경력자",줌네트웍스,경상북도 구미
지입차주 구합니다,개인,창원 의창구
MongoDB Engineer,카카오,성남 판교역
월300/기본/인센 / 부동산재테크상담 매니저 채용,경기도시개발산업,서울 역삼동
화장품 상품 기획 MD 대리급,바이커리어,서울
"[인터랙션플랫폼(댓글, 투표, 공감)] 웹 서비스 개발자",카카오,성남 판교역
미디어 서비스 개발자,카카오모빌리티,성남 판교역
[대기업/잠실]뷰티 AMD 사원,잡앤피플,서울특별시
[경력] 빅데이터 플랫폼 엔지니어,카카오,성남 판교역
국내 외식대기업 단체급식 점장,국내 외식대기업,대한민국
Manufacturing [플랜트운영] 품질관리,현대자동차,울산
[카카오CIC] AI 서비스 Android 개발자,카카오,성남 판교역
데이터분석 직원(연금사업부),KEB하나은행(구.하나은행),대한민국
금호지구 카카오스크린골프 평일 및 주말 파트직원,카카오스크린골프,광주광역시
심사부 경력직,신한금융투자,대한민국
리서치센터 경력직,신한금융투자,대한민국
홍보마케팅팀 / 퍼포먼스마케터 (팀장급),와그트래블,서울 마포구
교육 프로그램 기획/운영 담당,스마일게이트 홀딩스,성남 분당구
신규 서비스 플랫폼 구축 분야 모집 (서비스기획),11번가,서울 중구
(경력) 모바일 앱 행동분석 솔루션 B2B 영업사원,유저해빗,서울 서초구
"Associate, Client Service",Guidepoint Global,서울
[Sr.Manager] Employee Relation,딜리버리히어로 코리아,서울
운동지도 오후파트 선생님 - 커브스중계은행클럽,커브스 중계은행클럽,서울
"1등 편의점 CU, 1등 기사님 찾습니다",서연로지스,광주 광주시
[고객서비스] 고객센터 상담 기획 및 운영 담당자,한국카카오은행,서울 용산구
[대기업] 조립기 설비 개발,에이치알 컨설팅,대한민국
[카카오CIC] 기업용 협업 서비스 플랫폼 Backend Engineer,카카오,성남 판교역
한화첨단소재 인사지원팀 총무 계약직 채용,한화첨단소재,세종 부강면
서울 계약직 인재모집,현대커머셜,서울 여의도
sns 채널 마케터 신입사원,큐플레이스,서울 마포구
영업사원(비닐제품 제조업),이룸산업,안성 삼죽면
[상여100프로] 대기업 1차밴더 중장비 부품 가공 및 조립 사원,태경지앤에스,전라남도
[통번역회사 파이오컴] 중국어 프리랜서 통역사,파이오컴,서울 강남구
인공지능(AI) 전문기업 솔트룩스 - 영업직 (IT기술영업),솔트룩스,서울 강남구
국내 제약사 일반 서무 직원,잡앤피플,서울특별시
외국계은행 IT개발자채용,외국계 은행,서울 중구
지점 고객지원업무직(강릉) 신입/경력 계약직,신한금융투자,강원도 강릉
여성복디자이너,안타스포츠코리아,서울 강남구
[결산/출납/경리] 사무직 직원,우모디자인,경기도 김포
3.5톤윙바디 의정부 양주 남양주 구리 동두천지입차 모집,창일물류,서울 중구
운용역 신입/경력,유레카자산운용,대한민국
3.5톤 윙바디 소유자 모집,창일물류,서울 중구
(동원산업)물류본부 성남냉장센타 서무직 채용,동원그룹,서울 양재동
경광주/미사/하남시/시흥시/고양시/부천시/일산/CU 편의점 납품기사,대기업원청계약법인제이에이치로지스,광주 광주시
[외국계] 대기업 총무/리셉션,잡앤피플,서울특별시
"경리_여 사무원 ( 토요일 3시퇴근/공휴일,일요일 휴무)",현대자동차블루핸즈 청전점,충청북도 제천
[태건 자산관리] 임대관리/ 시설관리 신입 및 경력직원,태건자산관리,서울 강남구
[카카오CIC] AI서비스 iOS 개발자,카카오페이지,성남 판교역
"글로벌마케팅(대리~과장,경력4~10년) - 유명상장유통서비스대기업",타겟컨설팅,서울
"모바일 App ""안외워도외워지는영단어"" 마케팅 담당자",비카르마,서울 서초동
"IT 유지보수(전화/네트워크 공사, 네트워크 장비 설치 등) 경력자",줌네트웍스,경상북도 구미
지입차주 구합니다,개인,창원 의창구
MongoDB Engineer,카카오,성남 판교역
월300/기본/인센 / 부동산재테크상담 매니저 채용,경기도시개발산업,서울 역삼동
화장품 상품 기획 MD 대리급,바이커리어,서울
"[인터랙션플랫폼(댓글, 투표, 공감)] 웹 서비스 개발자",카카오,성남 판교역
미디어 서비스 개발자,카카오모빌리티,성남 판교역
[대기업/잠실]뷰티 AMD 사원,잡앤피플,서울특별시
[경력] 빅데이터 플랫폼 엔지니어,카카오,성남 판교역
국내 외식대기업 단체급식 점장,국내 외식대기업,대한민국
Manufacturing [플랜트운영] 품질관리,현대자동차,울산
[카카오CIC] AI 서비스 Android 개발자,카카오,성남 판교역
데이터분석 직원(연금사업부),KEB하나은행(구.하나은행),대한민국
금호지구 카카오스크린골프 평일 및 주말 파트직원,카카오스크린골프,광주광역시
심사부 경력직,신한금융투자,대한민국
리서치센터 경력직,신한금융투자,대한민국
홍보마케팅팀 / 퍼포먼스마케터 (팀장급),와그트래블,서울 마포구
교육 프로그램 기획/운영 담당,스마일게이트 홀딩스,성남 분당구
신규 서비스 플랫폼 구축 분야 모집 (서비스기획),11번가,서울 중구
(경력) 모바일 앱 행동분석 솔루션 B2B 영업사원,유저해빗,서울 서초구
"Associate, Client Service",Guidepoint Global,서울
[Sr.Manager] Employee Relation,딜리버리히어로 코리아,서울
운동지도 오후파트 선생님 - 커브스중계은행클럽,커브스 중계은행클럽,서울
"1등 편의점 CU, 1등 기사님 찾습니다",서연로지스,광주 광주시
[고객서비스] 고객센터 상담 기획 및 운영 담당자,한국카카오은행,서울 용산구
[대기업] 조립기 설비 개발,에이치알 컨설팅,대한민국
[카카오CIC] 기업용 협업 서비스 플랫폼 Backend Engineer,카카오,성남 판교역
한화첨단소재 인사지원팀 총무 계약직 채용,한화첨단소재,세종 부강면
서울 계약직 인재모집,현대커머셜,서울 여의도
sns 채널 마케터 신입사원,큐플레이스,서울 마포구
영업사원(비닐제품 제조업),이룸산업,안성 삼죽면
[상여100프로] 대기업 1차밴더 중장비 부품 가공 및 조립 사원,태경지앤에스,전라남도
[통번역회사 파이오컴] 중국어 프리랜서 통역사,파이오컴,서울 강남구
인공지능(AI) 전문기업 솔트룩스 - 영업직 (IT기술영업),솔트룩스,서울 강남구
국내 제약사 일반 서무 직원,잡앤피플,서울특별시
외국계은행 IT개발자채용,외국계 은행,서울 중구
지점 고객지원업무직(강릉) 신입/경력 계약직,신한금융투자,강원도 강릉
여성복디자이너,안타스포츠코리아,서울 강남구
[결산/출납/경리] 사무직 직원,우모디자인,경기도 김포
3.5톤윙바디 의정부 양주 남양주 구리 동두천지입차 모집,창일물류,서울 중구
운용역 신입/경력,유레카자산운용,대한민국
3.5톤 윙바디 소유자 모집,창일물류,서울 중구
(동원산업)물류본부 성남냉장센타 서무직 채용,동원그룹,서울 양재동
경광주/미사/하남시/시흥시/고양시/부천시/일산/CU 편의점 납품기사,대기업원청계약법인제이에이치로지스,광주 광주시
[외국계] 대기업 총무/리셉션,잡앤피플,서울특별시
"경리_여 사무원 ( 토요일 3시퇴근/공휴일,일요일 휴무)",현대자동차블루핸즈 청전점,충청북도 제천
[태건 자산관리] 임대관리/ 시설관리 신입 및 경력직원,태건자산관리,서울 강남구
[카카오CIC] AI서비스 iOS 개발자,카카오페이지,성남 판교역
"글로벌마케팅(대리~과장,경력4~10년) - 유명상장유통서비스대기업",타겟컨설팅,서울
"모바일 App ""안외워도외워지는영단어"" 마케팅 담당자",비카르마,서울 서초동
"IT 유지보수(전화/네트워크 공사, 네트워크 장비 설치 등) 경력자",줌네트웍스,경상북도 구미
지입차주 구합니다,개인,창원 의창구
MongoDB Engineer,카카오,성남 판교역
월300/기본/인센 / 부동산재테크상담 매니저 채용,경기도시개발산업,서울 역삼동
화장품 상품 기획 MD 대리급,바이커리어,서울
"[인터랙션플랫폼(댓글, 투표, 공감)] 웹 서비스 개발자",카카오,성남 판교역
미디어 서비스 개발자,카카오모빌리티,성남 판교역
[대기업/잠실]뷰티 AMD 사원,잡앤피플,서울특별시
[경력] 빅데이터 플랫폼 엔지니어,카카오,성남 판교역
국내 외식대기업 단체급식 점장,국내 외식대기업,대한민국
Manufacturing [플랜트운영] 품질관리,현대자동차,울산
[카카오CIC] AI 서비스 Android 개발자,카카오,성남 판교역
데이터분석 직원(연금사업부),KEB하나은행(구.하나은행),대한민국
금호지구 카카오스크린골프 평일 및 주말 파트직원,카카오스크린골프,광주광역시
심사부 경력직,신한금융투자,대한민국
리서치센터 경력직,신한금융투자,대한민국
홍보마케팅팀 / 퍼포먼스마케터 (팀장급),와그트래블,서울 마포구
교육 프로그램 기획/운영 담당,스마일게이트 홀딩스,성남 분당구
신규 서비스 플랫폼 구축 분야 모집 (서비스기획),11번가,서울 중구
(경력) 모바일 앱 행동분석 솔루션 B2B 영업사원,유저해빗,서울 서초구
"Associate, Client Service",Guidepoint Global,서울
[대기업] 조립기 설비 개발,에이치알 컨설팅,대한민국
[카카오CIC] 기업용 협업 서비스 플랫폼 Backend Engineer,카카오,성남 판교역
한화첨단소재 인사지원팀 총무 계약직 채용,한화첨단소재,세종 부강면
서울 계약직 인재모집,현대커머셜,서울 여의도
sns 채널 마케터 신입사원,큐플레이스,서울 마포구
영업사원(비닐제품 제조업),이룸산업,안성 삼죽면
[상여100프로] 대기업 1차밴더 중장비 부품 가공 및 조립 사원,태경지앤에스,전라남도
[통번역회사 파이오컴] 중국어 프리랜서 통역사,파이오컴,서울 강남구
인공지능(AI) 전문기업 솔트룩스 - 영업직 (IT기술영업),솔트룩스,서울 강남구
국내 제약사 일반 서무 직원,잡앤피플,서울특별시
외국계은행 IT개발자채용,외국계 은행,서울 중구
지점 고객지원업무직(강릉) 신입/경력 계약직,신한금융투자,강원도 강릉
여성복디자이너,안타스포츠코리아,서울 강남구
[결산/출납/경리] 사무직 직원,우모디자인,경기도 김포
3.5톤윙바디 의정부 양주 남양주 구리 동두천지입차 모집,창일물류,서울 중구
운용역 신입/경력,유레카자산운용,대한민국
3.5톤 윙바디 소유자 모집,창일물류,서울 중구
(동원산업)물류본부 성남냉장센타 서무직 채용,동원그룹,서울 양재동
경광주/미사/하남시/시흥시/고양시/부천시/일산/CU 편의점 납품기사,대기업원청계약법인제이에이치로지스,광주 광주시
[외국계] 대기업 총무/리셉션,잡앤피플,서울특별시
"경리_여 사무원 ( 토요일 3시퇴근/공휴일,일요일 휴무)",현대자동차블루핸즈 청전점,충청북도 제천
[태건 자산관리] 임대관리/ 시설관리 신입 및 경력직원,태건자산관리,서울 강남구
[카카오CIC] AI서비스 iOS 개발자,카카오페이지,성남 판교역
"글로벌마케팅(대리~과장,경력4~10년) - 유명상장유통서비스대기업",타겟컨설팅,서울
"모바일 App ""안외워도외워지는영단어"" 마케팅 담당자",비카르마,서울 서초동
"IT 유지보수(전화/네트워크 공사, 네트워크 장비 설치 등) 경력자",줌네트웍스,경상북도 구미
지입차주 구합니다,개인,창원 의창구
MongoDB Engineer,카카오,성남 판교역
월300/기본/인센 / 부동산재테크상담 매니저 채용,경기도시개발산업,서울 역삼동
화장품 상품 기획 MD 대리급,바이커리어,서울
"[인터랙션플랫폼(댓글, 투표, 공감)] 웹 서비스 개발자",카카오,성남 판교역
미디어 서비스 개발자,카카오모빌리티,성남 판교역
[대기업/잠실]뷰티 AMD 사원,잡앤피플,서울특별시
[경력] 빅데이터 플랫폼 엔지니어,카카오,성남 판교역
국내 외식대기업 단체급식 점장,국내 외식대기업,대한민국
Manufacturing [플랜트운영] 품질관리,현대자동차,울산
[카카오CIC] AI 서비스 Android 개발자,카카오,성남 판교역
데이터분석 직원(연금사업부),KEB하나은행(구.하나은행),대한민국
금호지구 카카오스크린골프 평일 및 주말 파트직원,카카오스크린골프,광주광역시
심사부 경력직,신한금융투자,대한민국
리서치센터 경력직,신한금융투자,대한민국
홍보마케팅팀 / 퍼포먼스마케터 (팀장급),와그트래블,서울 마포구
교육 프로그램 기획/운영 담당,스마일게이트 홀딩스,성남 분당구
신규 서비스 플랫폼 구축 분야 모집 (서비스기획),11번가,서울 중구
(경력) 모바일 앱 행동분석 솔루션 B2B 영업사원,유저해빗,서울 서초구
"Associate, Client Service",Guidepoint Global,서울
[배달대행]바로고 시흥은행허브 라이더,바로고 배달대행 시흥은행허브(B278,경기도 시흥
주말엔 쉬자-주5일.은행 안내직.초보가능.청원경찰-국민은행 청담동지점,국민은행/자비스inc,서울 강남구
임상약리학과 연구코디네이터 채용공고,인하대학교의과대학부속병원,인천 중구
가천대길병원 조리사 채용 공고 (계약직),의료법인길의료재단,인천 남동구
[Sr.Manager] Employee Relation,딜리버리히어로 코리아,서울
운동지도 오후파트 선생님 - 커브스중계은행클럽,커브스 중계은행클럽,서울
"1등 편의점 CU, 1등 기사님 찾습니다",서연로지스,광주 광주시
[고객서비스] 고객센터 상담 기획 및 운영 담당자,한국카카오은행,서울 용산구
[대기업] 조립기 설비 개발,에이치알 컨설팅,대한민국
[카카오CIC] 기업용 협업 서비스 플랫폼 Backend Engineer,카카오,성남 판교역
한화첨단소재 인사지원팀 총무 계약직 채용,한화첨단소재,세종 부강면
서울 계약직 인재모집,현대커머셜,서울 여의도
sns 채널 마케터 신입사원,큐플레이스,서울 마포구
영업사원(비닐제품 제조업),이룸산업,안성 삼죽면
[상여100프로] 대기업 1차밴더 중장비 부품 가공 및 조립 사원,태경지앤에스,전라남도
[통번역회사 파이오컴] 중국어 프리랜서 통역사,파이오컴,서울 강남구
인공지능(AI) 전문기업 솔트룩스 - 영업직 (IT기술영업),솔트룩스,서울 강남구
국내 제약사 일반 서무 직원,잡앤피플,서울특별시
외국계은행 IT개발자채용,외국계 은행,서울 중구
지점 고객지원업무직(강릉) 신입/경력 계약직,신한금융투자,강원도 강릉
여성복디자이너,안타스포츠코리아,서울 강남구
[결산/출납/경리] 사무직 직원,우모디자인,경기도 김포
3.5톤윙바디 의정부 양주 남양주 구리 동두천지입차 모집,창일물류,서울 중구
운용역 신입/경력,유레카자산운용,대한민국
3.5톤 윙바디 소유자 모집,창일물류,서울 중구
(동원산업)물류본부 성남냉장센타 서무직 채용,동원그룹,서울 양재동
경광주/미사/하남시/시흥시/고양시/부천시/일산/CU 편의점 납품기사,대기업원청계약법인제이에이치로지스,광주 광주시
[외국계] 대기업 총무/리셉션,잡앤피플,서울특별시
"경리_여 사무원 ( 토요일 3시퇴근/공휴일,일요일 휴무)",현대자동차블루핸즈 청전점,충청북도 제천
[태건 자산관리] 임대관리/ 시설관리 신입 및 경력직원,태건자산관리,서울 강남구
[카카오CIC] AI서비스 iOS 개발자,카카오페이지,성남 판교역
"글로벌마케팅(대리~과장,경력4~10년) - 유명상장유통서비스대기업",타겟컨설팅,서울
"모바일 App ""안외워도외워지는영단어"" 마케팅 담당자",비카르마,서울 서초동
"IT 유지보수(전화/네트워크 공사, 네트워크 장비 설치 등) 경력자",줌네트웍스,경상북도 구미
지입차주 구합니다,개인,창원 의창구
MongoDB Engineer,카카오,성남 판교역
월300/기본/인센 / 부동산재테크상담 매니저 채용,경기도시개발산업,서울 역삼동
화장품 상품 기획 MD 대리급,바이커리어,서울
"[인터랙션플랫폼(댓글, 투표, 공감)] 웹 서비스 개발자",카카오,성남 판교역
미디어 서비스 개발자,카카오모빌리티,성남 판교역
[대기업/잠실]뷰티 AMD 사원,잡앤피플,서울특별시
[경력] 빅데이터 플랫폼 엔지니어,카카오,성남 판교역
국내 외식대기업 단체급식 점장,국내 외식대기업,대한민국
Manufacturing [플랜트운영] 품질관리,현대자동차,울산
[카카오CIC] AI 서비스 Android 개발자,카카오,성남 판교역
데이터분석 직원(연금사업부),KEB하나은행(구.하나은행),대한민국
금호지구 카카오스크린골프 평일 및 주말 파트직원,카카오스크린골프,광주광역시
심사부 경력직,신한금융투자,대한민국
리서치센터 경력직,신한금융투자,대한민국
홍보마케팅팀 / 퍼포먼스마케터 (팀장급),와그트래블,서울 마포구
교육 프로그램 기획/운영 담당,스마일게이트 홀딩스,성남 분당구
신규 서비스 플랫폼 구축 분야 모집 (서비스기획),11번가,서울 중구
(경력) 모바일 앱 행동분석 솔루션 B2B 영업사원,유저해빗,서울 서초구
"Associate, Client Service",Guidepoint Global,서울
